0.9995614293451703,-0.029613324120066592,0.1592891855827652
0.9916113863245253,-0.12925501348711005,0.25496367333442815
0.9737534901148702,-0.22760522948541698,0.3430659912681229
0.9461661709120962,-0.3236812892669918,0.4200837779907746
0.909125072090522,-0.41652323260101975,0.4829465773894314
0.8630002960654137,-0.5052034134791731,0.5291482480271043
0.8082527063519896,-0.5888357688478889,0.5568468750932711
0.7454293227695203,-0.6665846718575026,0.5649382017348769
0.6751578558001112,-0.7376732811695136,0.553099652292378
0.5981404347130624,-0.801391302898446,0.5218031923733438
0.5151465921213014,-0.8571020876335615,0.4722965130730565
0.4270055750658871,-0.904248991629325,0.40655328946785657
0.3345980594536921,-0.942360938605704,0.32719449641814574
0.23884735063484874,-0.9710571265866461,0.23738391857166175
0.14071015804089915,-0.9900508327475439,0.14070202025347697
0.04116703606039956,-0.9991522782549224,0.04100320365216487
-0.05878741333640352,-0.9982705244738096,-0.057737854032190665
-0.1581544783316836,-0.9874143815965175,-0.1515846584251388
-0.2559413160583938,-0.9666923206141121,-0.23679583358625064
-0.35117087275799946,-0.9363113895101272,-0.30997427886126516
-0.44289164617866383,-0.896575144505553,-0.368202600565005
-0.5301871926712256,-0.8478806170254186,-0.40915941926123783
-0.6121852839912008,-0.7907143466920358,-0.4312119158352591
-0.6880666223150868,-0.7256475199819178,-0.43348092683934064
-0.7570730263933857,-0.6533302631193201,-0.4158759939650273
-0.8185150070470322,-0.5744851462299063,-0.37909897033044015
-0.8717786563153541,-0.4898999636589042,-0.32461603981128073
-0.9163317814214831,-0.40041986259042067,-0.2545992649165183
-0.9517292222666645,-0.3069388986161416,-0.17183999351049717
-0.9776172993228108,-0.2103911026274013,-0.07963757658219218
-0.9937373474814382,-0.11174114828726014,0.018332166467016645
-0.9999283005499249,-0.011974713330144581,0.11816349114316027
-0.9961283005716676,0.08791136900425094,0.21587643756736297
-0.9823753158903359,0.1869190699991919,0.30757549891672514
-0.9588067617827337,0.2840591374339298,0.3896049229883695
-0.9256581274507758,0.37836097986489475,0.45869445550337584
-0.8832606230912251,0.468882364454562,0.5120897148249988
-0.8320378705528914,0.5547188314505016,0.54766200046257
-0.7725016706471458,0.6350127312482551,0.5639931576425575
-0.7052468894033966,0.7089617937426764,0.5604321146641423
-0.6309455143643559,0.7758271443456323,0.5371208390733531
-0.5503399403086436,0.8349406865766446,0.4949886778650097
-0.4642355514875659,0.8857117774620791,0.43571530735076686
-0.3734926744918953,0.9276331290445006,0.36166376976508974
-0.27901798215296464,0.9602858770362542,0.27578626622837854
-0.18175543436744487,0.9833437659729691,0.1815064618045099
-0.08267684636208344,0.9965764090503149,0.0825829947787344
0.017227821362795152,0.9998515900727926,-0.017040368389680628
0.11696035439137818,0.9931365845142567,-0.11339195859091426
0.21552425822083462,0.9764984864905624,-0.2026305419786671
0.3119347149049963,0.9501035383773385,-0.28119845784190467
0.4052284230297358,0.9142154697711221,-0.34596345131055617
0.49447322270226884,0.8691928623904089,-0.39434354647278075
0.5787774093846776,0.815485567245651,-0.42440998160668003
0.6572986435108892,0.7536302098766643,-0.4349641028235879
0.7292523668651842,0.6842448285676164,-0.4255851506160418
0.7939196416285459,0.6080226991127891,-0.3966470342115611
0.8506543337676966,0.5257254078340101,-0.349303424991686
0.8988895689927787,0.4381752420618679,-0.28544176325461373
0.9381433967778713,0.34624697411252225,-0.20760801192667516
0.9680236058513364,0.2508591208518769,-0.11890515705470905
0.988231643041196,0.15296476617867918,-0.022869501544414448
0.998565596319738,0.053542038125254154,0.07667031607704738
0.9989222122417537,-0.0464156642744746,0.17574595739716936
0.9892979276188322,-0.14590959669975062,0.2704075892477823
0.9697889051215601,-0.2439456486661029,0.35688135108905666
0.9405900724539041,-0.3395442763486956,0.4317198069201168
0.9019931747000297,-0.43175028986042574,0.4919393836733814
0.854383859303855,-0.5196423971935417,0.5351393168575627
0.7982378228072713,-0.6023424094648386,0.5595973614618783
0.7341160578475402,-0.6790240154886916,0.564338452429778
0.6626592479043008,-0.7489210380052803,0.5491735774257485
0.5845813658020272,-0.8113350890705002,0.5147073121606713
0.500662539929568,-0.8656425481174512,0.4623137178660751
0.4117412594551648,-0.9113007929669954,0.3940815618089372
0.31870599641985076,-0.9478536215292054,0.3127310447322365
0.22248632841850355,-0.9749358100238465,0.2215053550354174
0.1240436505678026,-0.9922767621756607,0.12404137308738437
0.024361569564007535,-0.9997032129229044,0.024224680283023284
-0.07556392419000685,-0.9971409596245693,-0.073965346825345
-0.1747344081916271,-0.984615603468644,-0.16661418171345843
-0.2721590037461127,-0.9622522936735061,-0.2500282077046333
-0.3668642764989744,-0.9302744770383008,-0.3208819708107833
-0.45790396267026345,-0.8890016653363874,-0.3763507550888429
-0.544368423809477,-0.838846242859313,-0.414223195151518
-0.6253937356022632,-0.7803093460092904,-0.4329894363269057
-0.7001703199165955,-0.7139758561099194,-0.43190132779964174
-0.7679510338398586,-0.6405085554653367,-0.4110022490229825
-0.8280586348838543,-0.5606415050585246,-0.37112538031689746
-0.8798925477678833,-0.4751727100566101,-0.3138604865979618
-0.922934865168422,-0.3849561464070248,-0.24149053846892754
-0.9567555224779027,-0.29089322819212426,-0.1569006973851216
-0.9810165948681125,-0.19392380099764325,-0.06346329337187387
-0.9954756737233718,-0.09501675128628147,0.035096619131583365
-0.9999882887072953,0.004839674395570702,0.13484976743752833
-0.9945093512626357,0.104647743650646,0.23181930831226571
-0.9790936051212441,0.2034102072431107,0.3221393721662029
-0.9538950793227975,0.3001402632832755,0.4022091830749237
-0.9191655492075484,0.3938714170258941,0.46883661035239865
-0.8752520207603524,0.48366713776617043,0.5193654287280801
-0.8225932634415709,0.5686302163449866,0.5517812136662368
-0.7617154261476615,0.6479117297662441,0.5647916501153091
-0.6932267801053292,0.720719523354819,0.5578780530308783
-0.6178116412264919,0.7863261257042325,0.5313160457115842
-0.5362235326498962,0.8440760173304687,0.48616457156798554
-0.44927765578699647,0.8933921804059745,0.4242236773904716
-0.35784274509891933,0.9337818641310559,0.3479627511641037
-0.26283238798890035,0.9648415081369852,0.26042207536226064
-0.16519589653893268,0.9862607747278092,0.16509162047858358
-0.06590882229725128,0.9978256496720203,0.06577191091663799
0.03403679111026418,0.9994205805620155,-0.03357748992480905
0.13364232015207494,0.991029631375556,-0.1289958349493747
0.23191253930720204,0.9727366417032338,-0.2166790958509261
0.3278655650296649,0.9447243890509965,-0.2931316177178507
0.420542666404298,0.9072727625877255,-0.3553054797631983
0.5090178444691427,0.86075596658518,-0.4007220063081882
0.592407084490982,0.8056387814926083,-0.42757058375960943
0.6698771887483327,0.7424719200041378,-0.4347808440600583
0.7406541015676685,0.6718865245195722,-0.42206533688464865
0.8040306434318357,0.5945878609781639,-0.3899309893783609
0.8593735768840268,0.5113482720744772,-0.3396588965704731
0.90612993362713,0.4229994602654867,-0.2732532481584719
0.943832539600163,0.33042417767455634,-0.19336142778940452
0.9721046828270689,0.23454740592401335,-0.10316847022816653
0.9906638773982523,0.13632711402454203,-0.006270084072388175
0.9993246859764122,0.036744686665490044,0.09347069780243952
0.9980005726251182,-0.06320488145654676,0.19207752517320714
0.9867047674472827,-0.16252292729582404,0.28561925500447666
0.965550134394346,-0.2602170977684986,0.37036667371587534
0.934748043566981,-0.3553112650166067,0.4429411691593245
0.8946062592749173,-0.4468552795549577,0.5004494252235578
0.8455258649576904,-0.533934463850714,0.5405987692170913
0.7879972556914987,-0.6156787514789405,0.5617885734934829
0.7225952383236989,-0.6912713805387265,0.5631740674245277
0.6499732881927975,-0.7599570544681078,0.5447000157393741
0.5708570198188777,-0.8210494887176469,0.507102920580468
0.48603693680316845,-0.8739382678787975,0.45188165948729886
0.3963605333773742,-0.9180949447528852,0.3812377298788872
0.30272382652144614,-0.9530783204208421,0.2979874822989082
0.20606240325810865,-0.9785388525569604,0.2054498414070277
0.10734207257659052,-0.9942221479402689,0.10731399092619251
0.007549215388457009,-0.9999715042675059,0.007492297529487355
-0.09231907106439736,-0.995729475870734,-0.0900356628729269
-0.1912649358758039,-0.9815384476954658,-0.18138175826708408
-0.2882997446717214,-0.9575402118042982,-0.2629043080888923
-0.38245395771810603,-0.923974550637493,-0.33135326553624
-0.47278681724144134,-0.881176841186097,-0.38399978667887524
-0.5583957471694406,-0.8295747040159085,-0.41874502085454446
-0.6384253713728193,-0.7696837306241296,-0.4342037852215948
-0.712076060300808,-0.7021023318195718,-0.42975978762765993
-0.7786119206153244,-0.627505758599645,-0.405590196232968
-0.8373681479939343,-0.5466393552656161,-0.36265857637486604
-0.8877576696348958,-0.46031111218872317,-0.30267647625853783
-0.929277010094537,-0.36938359263746107,-0.22803519293115884
-0.9615113218474516,-0.2747653143305507,-0.14171043881480053
-0.9841385303058536,-0.17740167182818342,-0.047143709442568085
-0.9969325518823859,-0.07826549046210508,0.05189491810804098
-0.9997655529425973,0.02165269381353557,0.15145708629104246
-0.9926092270763598,0.12135453153002389,0.24757356564757194
-0.9755350779261627,0.21984383488193548,0.3364124954587751
-0.9487137047463501,0.3161365313064203,0.4144321479405319
-0.912413097831768,0.40927049601093474,0.47852212575365
-0.8669959608473234,0.4983151652061439,0.526127363730336
-0.8129160868128521,0.5823808339917098,0.5553499912594783
-0.7507138239532785,0.6606275459935393,0.5650249943988217
-0.6810106767177636,0.732273485930232,0.5547666613044395
-0.6045030959126826,0.7966027912529444,0.5249839593447617
-0.5219555199954014,0.8529727048073286,0.47686423086217183
-0.434192737057879,0.9008199970505693,0.4123258575806833
-0.34209164381671087,0.9396665936547817,0.3339417807804163
-0.2465724839509926,0.9691243522676734,0.24483692624814285
-0.1485896533316593,0.9888989407026267,0.1485636233474298
-0.049122164013448655,0.9987927778086082,0.048959984856959675
0.050836137729959305,0.9987070076357233,-0.05000310647411666
0.15028650158936246,0.988642487171187,-0.1443803044905194
0.2482352524029938,0.9686997777765937,-0.23040908813180216
0.3437037186302827,0.9390781404120295,-0.3046597612737186
0.4357380109143587,0.9000735446864319,-0.364172183889644
0.523418553029218,0.8520757116270828,-0.40657378349219514
0.6058692699813795,0.7955642197159387,-0.430174142111201
0.6822663414616378,0.7311037130999622,-0.43403238792376025
0.751846433185282,0.6593382598534453,-0.4179947048447252
0.8139143238759249,0.5809849166627272,-0.3827004646886225
0.8678498516867068,0.49682656423279237,-0.3295567374330581
0.9131141106524553,0.4077040850020707,-0.26068219577898316
0.949254835259958,0.31450796132306413,-0.17882265035596412
0.9759109193354747,0.21816937805702408,-0.08724158291727752
0.9928160240982506,0.11965091848264983,0.01040995837906022
0.9998012393295823,0.019936946482128647,0.11023891473882924
0.9967967710678824,-0.07997622889736367,0.20826542070045093
0.9838326389668776,-0.17909030823433644,0.30058146881176
0.9610383763491475,-0.2764149764108204,0.38350670955470095
0.9286417359519875,-0.3709777975136505,0.4537351752665788
0.8869664142973422,-0.46183393109267695,0.5084670786381983
0.836428817423152,-0.5480755726942292,0.5455204313986457
0.777533900291879,-0.6288410243431152,0.5634180333019755
0.7108701214474233,-0.7033233043439735,0.5614463634394521
0.6371035633318853,-0.770778210375601,0.5396840260665292
0.5569712770099763,-0.8305317553145553,0.49899861689924024
0.4712739177984067,-0.8819869014917061,0.44101213481084917
0.3808677453826441,-0.924629526095258,0.3680363178552983
0.28665606835315294,-0.9580335581159527,0.28298048156609307
0.18958021864457508,-0.9818652355077427,0.189235533726874
0.09061014605819263,-0.9958864400278342,0.09053878957870445
-0.009265273155874675,-0.9999570764354573,-0.0091750231448215
-0.10904811682325706,-0.9940364722772004,-0.10593062939554215
-0.2077413877538599,-0.9781837842727206,-0.19587068848221983
-0.304358975408199,-0.952557407240357,-0.2754095740713341
-0.3979355087879572,-0.9174133914684642,-0.34137632179391275
-0.4875360021038999,-0.8731028843455656,-0.3911410455883715
-0.5722651968447933,-0.8200686218117299,-0.42271978295868895
-0.6512765069045403,-0.758840504687395,-0.43485358929838114
-0.7237804773906875,-0.6900303040795444,-0.42705872803912315
-0.7890526725967614,-0.6143255487670264,-0.3996459557012158
-0.8464409143243866,-0.5324826556402532,-0.3537081330117642
-0.8953717982322471,-0.4453193718336898,-0.2910766559962173
-0.935356423102739,-0.3537066040667743,-0.21424844399812593
-0.9659952757813141,-0.25855971683188195,-0.12628639538441308
-0.9869822229798655,-0.1608293863748879,-0.030697279453015064
-0.9981075700593494,-0.06149210185235945,0.06870806739278865
-0.9992601562292974,0.03845959142528787,0.16796666766596077
-0.990428465229694,0.1380270091784679,0.26312139420224306
-0.9717007403976379,0.23621530668159985,0.35037872833273404
-0.9432641029690896,0.3320434189227649,0.4262599955020893
-0.9054026824253304,0.4245538630810185,0.48774004904545754
-0.8584947775651147,0.512822305378212,0.5323678732395885
-0.8030090766681105,0.595966796716586,0.5583642975651083
-0.739499974516548,0.6731565848225989,0.5646929266206173
-0.6686020330658105,0.7436204148490445,0.5511014579368174
-0.5910236411111247,0.806654235498549,0.5181317404797708
-0.5075399363009007,0.861628233671389,0.4670981728425324
-0.41898506021755233,0.9079931273498132,0.40003530232105994
-0.3262438239105573,0.9452856538423807,0.3196167139339204
-0.23024286715692158,0.9731331985516475,0.22904844302458163
-0.13194139978282354,0.9912575180160548,0.1319411607494867
-0.032321617556127204,0.9994775200266164,0.032166228013200675
0.06762111158908722,0.997711073040415,-0.06629864347409521
0.1668881929398711,0.9859758268118263,-0.15952797001006896
0.26448778263269845,0.9643890360420107,-0.24380499254788116
0.35944469782950034,0.9331663888086943,-0.31576985215047876
0.45081016042220673,0.8926198514821997,-0.3725535369637482
0.5376712769100042,0.8431545516605871,-0.41189226066546775
0.6191601597294111,0.7852647302686211,-0.43221771248216895
0.6944625988999366,0.7195288032658219,-0.43271958079059236
0.7628261973410712,0.6466035823053884,-0.41337785768501834
0.8235678885751874,0.5672177120892892,-0.3749636366293305
0.8760807617020118,0.4821643899912383,-0.3190083713939321
0.9198401254517068,0.3922934406907517,-0.24774282182670918
0.9544087507266069,0.29850282500585723,-0.16400812049746363
0.9794412392498362,0.20172966776541607,-0.07114250570805654
0.9946874746707092,0.10294089436762881,0.02715176353424597
0.999995121644637,0.0031235695810522784,0.1269560049002638
0.9953111479175303,-0.0967249648802633,0.2242913382372265
0.9806823542065551,-0.19560705546551427,0.3152773109643926
0.9562549065828343,-0.2925347050116532,0.3962865994719767
0.9222728760283849,-0.38653944448442934,0.4640896190667685
0.8790757997595391,-0.47668200960087287,0.5159832773223297
0.827095288683321,-0.5620617256475073,0.5498987378439166
0.7668507148839342,-0.6418255067243737,0.5644838982469582
0.6989440222285692,-0.7151763794973582,0.5591572942123212
0.6240537119432752,-0.7813814462922828,0.534131280633796
0.5429280632529723,-0.8397792079662229,0.49040356569860416
0.45637765682280235,-0.8897861733882633,0.4297174354104281
0.36526727570405837,-0.9309026894900108,0.35449225427770203
0.2705072647077846,-0.9627179336338929,0.2677270128853962
0.17304443454036736,-0.9849140184171431,0.17288076760427531
0.07385260158390436,-0.997269167897659,0.07373473892905633
-0.02607714215516066,-0.9996599335058995,-0.02575843385036244
-0.12574633170976493,-0.9920624275021899,-0.12163227190412469
-0.22415910548413964,-0.9745525616551168,-0.21006458785642498
-0.32033215557366224,-0.9473052887562335,-0.28752986433454936
-0.4133045526524287,-0.9105928545495927,-0.3509398052211365
-0.502147347261413,-0.8647820775422708,-0.3977664562746748
-0.5859728515644026,-0.8103306838750971,-0.42614298668770134
-0.6639435088314357,-0.7477827338743529,-0.43493811373997093
-0.7352802620287673,-0.6777631859808464,-0.42380120347053724
-0.7992703378992501,-0.6009716523717393,-0.3931762493472892
-0.8552743687570902,-0.5181754086669502,-0.34428417164848935
-0.9027327808384261,-0.43020172756478103,-0.2790741432241185
-0.9411713853774096,-0.3379296130065659,-0.2001458821253072
-0.970206116543598,-0.24228101745987105,-0.11064600904953965
-0.9895468689007867,-0.14421163007417023,-0.01414260150315866
-0.9990003960446242,-0.04470132775079529,0.08551705418907118
-0.9984722414568101,0.05525561546316765,0.18435984204892686
-0.9879676822834011,0.15466046283250423,0.27844521204089706
-0.9675916766073133,0.25251999398116687,0.3640222773669495
-0.9375478147418483,0.34785642882198525,0.43767935048658635
-0.8981362850235863,0.4397171972120619,0.4964799563328599
-0.8497508744297544,0.527184456718773,0.5380799003067198
-0.7928750339889123,0.6093842633979656,0.5608207239181456
-0.7280770482980959,0.6854953039529389,0.5637958222925672
-0.6560043574109569,0.7547571020254381,0.5468865876462622
-0.5773770878307776,0.8164776166240264,0.5107671378044027
-0.49298085724448637,0.8700401567689225,0.45687744125067087
-0.4036589248904109,0.9149095432644244,0.38736591012788874
-0.3103037659907341,0.9506374560325128,0.30500374982560535
-0.21384815443406222,0.9768669135788894,0.2130744797662404
-0.11525584280708666,0.9933358398340554,0.11524302984747631
-0.015511932897302532,0.9998796827307721,0.015409631252585109
0.08438696711843169,0.9964330583539232,-0.08244567345896907
0.18344270045333766,0.9830304042349794,-0.17442170208860075
0.2806655349634121,0.9598056352635682,-0.2568516606219954
0.37508405222382313,0.9269908056541641,-0.3264493267351992
0.4657548536207137,0.8849137903370856,-0.380440061108413
0.5517719864783118,0.8339950089405678,-0.41667142353979303
0.6322759960385907,0.774743225096811,-0.4336989839438799
0.7064625128491085,0.7077504630439482,-0.43084390722093135
0.7735902897566967,0.6336860923155485,-0.40822001627017723
0.8329886082039836,0.5532901396215103,-0.36672925423000846
0.8840639798275257,0.4673658947457721,-0.30802572685129476
0.9263060763973295,0.37677188434035885,-0.2344497585209356
0.95929282884785,0.28241329381084307,-0.14893459091386196
0.9826946444525723,0.18523292300299252,-0.05488944390385444
0.9962777000055851,0.08620176605836675,0.04393639927441735
0.9999062781057659,-0.0136906904382058,0.14360306411642487
0.9935441232001848,-0.11344635408146037,0.24013715521125867
0.9772548038376095,-0.21206849925511181,0.32969016297791487
0.9512010775125779,-0.3085717260847319,0.4086918915975912
0.9156432644463155,-0.40199180622755815,0.47399279145459083
0.8709366465531253,-0.49139531712338946,0.5229895217405245
0.817527917580955,-0.5758889684442196,0.5537287374370136
0.755950719895116,-0.6546285275559384,0.5649849630174429
0.68682031250017,-0.7268272548117393,0.5563094482889954
0.6108274235753325,-0.7917637643946086,0.5280480586467239
0.5287313489468376,-0.8487892321659467,0.48132748651169766
0.4413523654550071,-0.897333878501904,0.4180103336596425
0.34956353501924536,-0.9369126613430138,0.34062085516594254
0.2542819812919131,-0.9671301225741339,0.2522443253215199
0.15645972606195965,-0.9876843393112076,0.15640403748300472
0.05707417696791144,-0.9983699406149183,0.056920841485008256
-0.042881638436192596,-0.9990801594892312,-0.04223918158542233
-0.14240899468382726,-0.9898078996619201,-0.1371228345260097
-0.24051344733073607,-0.9706458064881779,-0.2239474055166941
-0.33621476911509157,-0.9417853412688507,-0.29925147290285453
-0.42855674406426914,-0.9035148682324118,-0.3600329011535275
-0.5166167216887882,-0.8562167732948993,-0.4038685265312555
-0.5995148358009765,-0.8003636433862599,-0.4290107609835388
-0.6764227958470983,-0.7365135445179504,-0.4344572629636738
-0.7465721629127642,-0.6653044457718265,-0.4199908976251432
-0.8092620277105477,-0.5874478449239667,-0.3861883933027417
-0.8638660138339124,-0.5037216593940613,-0.33439734917382785
-0.909838536303187,-0.41496245355173306,-0.26668251073173255
-0.946720252870354,-0.322057080041866,-0.18574345489861274
-0.9741426536149489,-0.22593381864613726,-0.09480696641257422
-0.9918317429733713,-0.1275531012182943,0.002501603897121296
-0.9996107774119897,-0.027897915366520698,0.10230287040719072
-0.997402031390099,0.07203601723377044,0.20061807156297928
-0.9852275739678353,0.17125018976180317,0.2935276905459637
-0.9632090482994216,0.26875328700152246,0.3773277140405494
-0.931566456214982,0.3635710902355412,0.44867729955626884
-0.8906159600349697,0.4547562113165572,0.5047319642752576
-0.840766723580783,0.5413975586565157,0.5432569856058874
-0.7825168239451051,0.6226294405526174,0.5627164925204411
-0.7164482748702392,0.6976402148926466,0.5623346958862604
-0.643221211459188,0.7656803988146585,0.5421268167303234
-0.5635672943238953,0.8260701572920087,0.5028984794249242
-0.4782823990742977,0.8782060958201863,0.44621359398625277
-0.38821866419229095,0.9215672893352678,0.3743320079172491
-0.29427597674570344,0.9557204871249555,0.29011941321902235
-0.19739298101418473,0.9803244417264795,0.19693310029398792
-0.0985376998658098,0.995133318558451,0.09848811337203837
0.0013021374073913083,0.9999991522187268,-0.0012908565793624636
0.10112896415404717,0.994873324905804,-0.09842593689899981
0.19994534371966685,0.9798070521918202,-0.1890446584620011
0.2967639355039761,0.954950871293488,-0.2695343388035564
0.3906173601418513,0.920553136953979,-0.3366861083683334
0.48056786523812123,0.8769575399644358,-0.3878228380134415
0.5657166950795477,0.8245996731191895,-0.4209058676992118
0.6452130707048163,0.7640026789165479,-0.4346162814316102
0.7182626906066821,0.6957720224918861,-0.4284074882808393
0.7841356671300903,0.620589442010133,-0.4025270132368398
0.8421738192683244,0.5392061369634101,-0.35800662916905396
0.8917972489900814,0.45243526243400034,-0.2966212232980683
0.9325101353889068,0.36114380431756377,-0.22081803804310904
0.9639056887617924,0.2662439166866628,-0.1336191071895141
0.985670215117431,0.1686838078487599,-0.03850077693826551
0.9975862505028703,0.06943826616228559,0.06074488504676223
0.9995347338314567,-0.030501079726443208,0.16016126741002298
0.991496196501854,-0.13013566890886186,0.2557849527132298
0.9735509569218739,-0.22846998550466907,0.3438037263813265
0.9458783179934894,-0.3245215055274569,0.4207085576674808
0.9087547755775158,-0.41733051393956183,0.4834334936355359
0.8625512558383619,-0.5059696938075094,0.5294778890284271
0.8077294090724081,-0.5895533917462764,0.5570060991033318
0.7448369970508468,-0.6672464670751557,0.5649206609948539
0.6745024199651353,-0.7382726362673727,0.5529060460962242
0.5974284376599838,-0.8019222293184988,0.5214412391891396
0.5143851478893191,-0.8575592805345199,0.47178064283204585
0.42620229175406754,-0.9046278828908496,0.40590406828862613
0.33376096320335596,-0.9426577424715548,0.3264378067003744
0.23798480543502945,-0.9712688774907035,0.23654992714653147
0.13983078215810696,-0.9901754149447723,0.13982397572728925
0.04027961592777184,-0.9991884469611881,0.04011611088934857
-0.05967401091024278,-0.9982179183033554,-0.05859862944256423
-0.15903139475684766,-0.9872735261728087,-0.1523848000837926
-0.2567997894758251,-0.9664646233179836,-0.23750344237024082
-0.35200232558509154,-0.9359991254176936,-0.31056114464136875
-0.4436877708136105,-0.8961814336564048,-0.3686453268545312
-0.5309400344998374,-0.8474093932482172,-0.4094403559601259
-0.6128873208667831,-0.7901703182989961,-0.43131986288387125
-0.6887108397172355,-0.7250361227249167,-0.4334115807294949
-0.7576529875147744,-0.6526576058776432,-0.4156321193072895
-0.8190249171078455,-0.5737579499723614,-0.3786902896378227
-0.8722134204628175,-0.48912549429011803,-0.32405884589333117
-0.9166870556359491,-0.3996058583523198,-0.2539157713364179
-0.9520014567656175,-0.3060934927700065,-0.17105744900040165
-0.9778037740291291,-0.20952274218898512,-0.07878717872225136
-0.9938361992014959,-0.11085850962702168,0.01921651499771318
-0.999938541590011,-0.011086615481816222,0.11904653415941643
-0.9960498286066947,0.08879605246053571,0.21672297093072398
-0.9822089149862396,0.18779149959876745,0.308351774013378
-0.958554094562342,0.28491059614863196,0.3902799921798948
-0.9253217184814337,0.37918296020070097,0.45924140591141144
-0.8828438336601524,0.46966665345566655,0.5124867412627776
-0.8315448650823104,0.5554575927604575,0.5478932747389064
-0.7719373750847575,0.635698583408249,0.5640494595818815
-0.7046169420039242,0.7095878839446447,0.5603111996858052
-0.6302562093539817,0.7763872169032344,0.5368275276759712
-0.5495981649951781,0.8354291454300197,0.4945346634483989
-0.46344871744474186,0.8861237420918276,0.43511869003699105
-0.3726686435053823,0.9279644832362165,0.3609483348037197
-0.278164987667986,0.9605333100083876,0.2749805357536342
-0.180881999222931,0.983504805457053,0.18064255774778867
-0.08179169763327993,0.9966494459930564,0.08169535826857163
0.018115839562382302,0.9998358947132024,-0.017916350086724594
0.11784236927743054,0.9930323136751803,-0.11422136284889078
0.21639145699217405,0.9763066820117561,-0.2033803030671547
0.3127784327981573,0.9498261167057519,-0.28183868515231303
0.406040229894425,0.9138552028123944,-0.3464686210003723
0.4952450072326427,0.8687533498129026,-0.3946935190206268
0.5795014601648201,0.8149712005137614,-0.42459080471147354
0.657967726064751,0.7530461283727451,-0.43496856763876324
0.7298597959410563,0.6835968682409828,-0.4254130791435069
0.7944593479958908,0.607317334168838,-0.3963052863979226
0.8511209248588952,0.5249696860460982,-0.3488056252438252
0.8992783827838785,0.43737671435229847,-0.284807757277585
0.9384505483700002,0.34541361910620416,-0.20686307553805616
0.9682460262873165,0.24999926515656262,-0.11807898851753088
0.9883671099695529,0.15208700118824664,-0.021995037591129394
0.9986127561997026,0.05265513417733624,0.0775582133281534
0.9988805938673947,-0.04730284552879376,0.17661189028460875
0.9891679468271889,-0.146788190838649,0.27121703575995
0.9695718606377364,-0.24480687706736917,0.35760204114786837
0.9402881329146372,-0.34037953390282677,0.4323230088871959
0.9016093569853872,-0.43255123095004205,0.49240104978981447
0.8539219983935717,-0.5204010190800252,0.5354410419521555
0.7977025334628886,-0.6030511322490731,0.5597271167072619
0.7335126885032437,-0.6796757578468894,0.5642910648937847
0.6619938272271323,-0.749509287943234,0.5489509362998982
0.5838605424554328,-0.8118539689892805,0.514318293444066
0.4998935161421602,-0.8660868735404248,0.4617738305073297
0.41093171905841613,-0.9116661243414143,0.39341232941332854
0.31786402807380676,-0.9481363085847383,0.31195914748349196
0.22162034479256185,-0.975133028244878,0.22066156604098325
0.1231623042840957,-0.992386541022918,0.12315933155173674
0.023473666743274953,-0.9997244555224333,0.023339550418752467
-0.07644951191628907,-0.9970734537273376,-0.07481827768374633
-0.1756088323236343,-0.9844600235712619,-0.16740090990424458
-0.273013527326964,-0.9620101942788803,-0.2507173688575017
-0.3676903614115161,-0.9299482771235552,-0.3214460902453412
-0.4586933549471121,-0.8885946241832451,-0.3767673431434139
-0.5451132361039472,-0.8383624274884236,-0.4144756437749899
-0.6260865259961106,-0.7797535905439112,-0.4330676811893076
-0.7008041662772105,-0.713353713474952,-0.43180224952522495
-0.7685196029839265,-0.6398262419043377,-0.4107297975498883
-0.8285562458564283,-0.5599058380230572,-0.3706904174255903
-0.8803142286046182,-0.47439104008850763,-0.3132803528863106
-0.923276402573786,-0.3841362836942227,-0.2407883620372975
-0.9570135039230383,-0.29004336453183815,-0.15610447179199555
-0.9811884426876964,-0.1930524279466408,-0.06260476161901593
-0.9955596708707957,-0.09413257531605594,0.035983230092435016
-0.9999835959108289,0.0057278188910015425,0.1357291112252341
-0.9944160154111498,0.10553098262506533,0.2326563282649395
-0.9789125587957139,0.20427971566464437,0.3229006989396991
-0.9536281314782612,0.3009873533111984,0.4028644649732897
-0.91881536709863,0.3946876248166515,0.46935972335420373
-0.8748221032909267,0.48444430804132604,0.5197355179687255
-0.8220879062048805,0.5693605838760492,0.5519835248555813
-0.7611396785061671,0.6485879969622692,0.5648181177446628
-0.6925863947391467,0.7213349331775294,0.5577276219193821
-0.6171130166545222,0.7868745291821024,0.5309947130729423
-0.5354736492979225,0.84455193499723,0.485685147920475
-0.44848400624159307,0.893790857049618,0.4236052758420094
-0.35701325924399974,0.9340993163063426,0.34723002543294895
-0.2619753537729336,0.9650745639667156,0.2596042369110631
-0.16431987716451377,0.9864071055951691,0.1642212739455607
-0.06502257066038901,0.9978837934873552,0.06488375427151742
0.03492441987617017,0.9993899563715422,-0.03444804867932674
0.13452245715380498,0.9909105451660623,-0.1298140893829521
0.2327763905067712,0.97253028334476,-0.21741242474144915
0.32870449911143157,0.9444328204080494,-0.29375078555660206
0.4213483010162386,0.9068988969178037,-0.35578580228234935
0.5097821299765221,0.8603035394304736,-0.4010443345646453
0.5931223844056479,0.805112313355695,-0.42772206754295206
0.6705363560299858,0.7418766711806135,-0.4347554441898794
0.7412505500347174,0.6712284425389234,-0.4218640659736192
0.8045584135683622,0.5938735211780032,-0.3895618714625557
0.8598273953852842,0.5105848119019584,-0.3391366472163758
0.9065052660886649,0.4221945079622885,-0.2725986877997778
0.9441256358240888,0.3295857760580088,-0.19260065168202864
0.9723126142927989,0.23368393202593712,-0.10233180811474846
0.990784566523316,0.13544719539069336,-0.005390891031143581
0.9993569268749661,0.035857115151995855,0.0943573711194104
0.9979440431567612,-0.064091237528514,0.19293632989881443
0.9865600324357761,-0.16339921174938535,0.2864159533044269
0.9653186399840832,-0.2610745550590482,0.3710695037430705
0.934432102773586,-0.35614132771434204,0.44352211129849467
0.8942090288743613,-0.44764965394778516,0.5008853191448828
0.8450513139448294,-0.534685212812284,0.5408722372054693
0.7874501256231863,-0.616378373773795,0.5618887132431957
0.7219809959427252,-0.6919128857721545,0.5630968866797635
0.6492980708059872,-0.7605340329318755,0.5444485914528688
0.5701275739751622,-0.821556175433668,0.5066872762451086
0.4852605508842969,-0.8743696002008926,0.45131836553109517
0.3955449647748072,-0.9184466129510721,0.3805492430542947
0.30187722412707607,-0.9533468107427281,0.2972012504029836
0.20519322604320384,-0.9787214823360028,0.20459720902435738
0.10645900507257046,-0.9943170924000846,0.1064289498192362
0.00666108091392028,-0.9999778147544366,0.006610131494272438
-0.09320339856336118,-0.9956470893324799,-0.090879784660414
-0.19213662049113794,-0.9813681873110848,-0.18215418333495018
-0.28915007681889693,-0.9572837787592695,-0.26357424228721626
-0.3832744411593891,-0.9236345071260373,-0.33189400070263236
-0.47356925397750244,-0.8807565848105774,-0.3843897654086406
-0.5591323193510552,-0.8290784338391088,-0.41896869592637764
-0.6391087194142183,-0.7691164052136178,-0.434252239416226
-0.7126993564142551,-0.7014696197033101,-0.4296310892292582
-0.7791689370320857,-0.6268139816279545,-0.40528947604054427
-0.8378533191900986,-0.5458954254453271,-0.3621978231535156
-0.8881661479402488,-0.4595224626206862,-0.3020740587852041
-0.9296047141288722,-0.3685581032474766,-0.2273151276894701
-0.9617549773003867,-0.2739112331357233,-0.14090143253364068
-0.9842957026526433,-0.1765275325254934,-0.046278014649399554
-0.9970016707088954,-0.07738002716251287,0.0527827888936708
-0.9997459276363596,0.02254063385343926,0.15233173646275058
-0.9925010537269482,0.1222360763068637,0.2484001256631239
-0.9753394373659262,0.22071017629171175,0.3371580129787184
-0.9484325517510969,0.3169790131521374,0.4150669015339644
-0.9120492415892898,0.41008070049247775,0.4790208097978792
-0.8665530368889184,0.49908499702815434,0.5264700972662084
-0.8123985206883071,0.5831026012490858,0.5555231105824736
-0.7501267870122218,0.6612940370264357,0.5650215977878447
-0.680360034439259,0.7328780413805631,0.5545868841716503
-0.6037953492993055,0.7971393706024874,0.5246349688371251
-0.5211977406173597,0.8534359467325943,0.4763599401299223
-0.4333924963962388,0.9012052729913624,0.4116863711039407
-0.34125693761163284,0.9399700540612611,0.33319259286698816
-0.2457116523109572,0.969342965063769,0.2440079046559351
-0.147711297401864,0.9890305215815426,0.14768781855119792
-0.0482350600359946,0.9988360120576971,0.04807231243016411
0.0517231261053564,0.9986614632726595,-0.050867257833021415
0.1511645118680621,0.9885086192601916,-0.14518648379384813
0.24909551179652625,0.9684789238815817,-0.2311251555547799
0.34453763171114826,0.9387725072321159,-0.3052571694678693
0.43653724549871153,0.8996861860073198,-0.3646271160754992
0.5241751234292737,0.8516104978086553,-0.40686810295912157
0.606575616795796,0.7950257990208869,-0.43029611527083456
0.6829154071065353,0.7304974652498906,-0.4339771520911347
0.7524317324112865,0.658670242276475,-0.41776446209818
0.8144300085666463,0.5802618039696671,-0.38230439407988775
0.8682907692911723,0.4960555815266512,-0.3290106290474362
0.9134758556677132,0.40689293568718937,-0.2600078212344609
0.949533793249394,0.31366475013526324,-0.17804689483751654
0.9761043030430681,0.21730253008376682,-0.08639537334938964
0.9929219012979198,0.11876909498233965,0.011292886291289037
0.9998185521313455,0.019048958343699098,0.11112336144576819
0.9967253464879482,-0.0808615091899703,0.2091161261029345
0.983673190656038,-0.1799640352530747,0.30136451796995045
0.9607924974622183,-0.2772684201641312,0.3841908847697124
0.9283118832295302,-0.37180243067366187,0.4542932006316286
0.8865558835187263,-0.4626215141974383,0.5088767074429312
0.8359417104762128,-0.5488182364737014,0.5457653330352777
0.7769750841882118,-0.6295313483463085,0.5634884443150864
0.7102451796928179,-0.7039543910816359,0.5613394767641429
0.6364187401377754,-0.7713437542376593,0.5394041029372442
0.5562334149033479,-0.8310261055736817,0.49855681696779724
0.4704903892535218,-0.8824051187635243,0.44042607124633354
0.38004637915771977,-0.9249674316910335,0.367329355162594
0.2858050712680042,-0.9582877757946675,0.2821808041168109
0.1887080935807745,-0.9820332252103845,0.18837502213738871
0.08972560700109504,-0.9959665232568237,0.08965174973059116
-0.010153388184403998,-0.9999484530256432,-0.010053227772038036
-0.10993093407142839,-0.9939392283908425,-0.10676498755471305
-0.20861008640354653,-0.977998891538587,-0.1966279369465048
-0.30520487570964683,-0.9522867130455297,-0.27605952373409764
-0.3987501587849684,-0.9170596004998598,-0.34189306121313323
-0.48831126208299525,-0.8726695315655935,-0.3915039739940726
-0.5729933206645313,-0.8195600371381181,-0.4229144315406229
-0.651950219392397,-0.7582617697300883,-0.4348721980318339
-0.7243930470341838,-0.6893872013669319,-0.4269005550526151
-0.789597978802506,-0.6136245039688337,-0.39931730685257655
-0.8469135085730284,-0.5317306733643669,-0.3532221104934768
-0.8957669585182741,-0.44452396563843494,-0.29045263599235066
-0.9356702011151941,-0.35287572138793055,-0.21351130421702702
-0.9662245363540178,-0.257701659574523,-0.12546552326297514
-0.9871246754169585,-0.1599527279634968,-0.029825400572311502
-0.9981617910231695,-0.06060560156799464,0.06959619397316047
-0.9992256039618972,0.0393470759648266,0.16883563514189046
-0.9903054849659075,0.13890661052102135,0.2639365595826473
-0.9714905609156091,0.2370782361413107,0.3511075935462992
-0.942968824312728,0.33288105439371496,0.42687350299281535
-0.9050252549213634,0.425357835186471,0.4882137402057271
-0.8580389723443992,0.5135845810946502,0.5326828634976618
-0.8024794479857442,0.5966797596370228,0.5585080292534035
-0.7389018142472532,0.6738131112572074,0.5646596696102937
-0.6679413178292749,0.7442139450027067,0.5508925380799289
-0.5903069725555862,0.807178839014167,0.5177554867517266
-0.5067744751416638,0.8620786688840475,0.4665695852921304
-0.41817845468949544,0.9083648936597591,0.3993754540658818
-0.3254041333494883,0.9455750366835349,0.3188519110416285
-0.22937848147336537,0.9733373065063174,0.22820917577302008
-0.13106095563279893,0.9913743117050278,0.13106088807551122
-0.031433912046541536,0.9995058324859591,0.03128004361045817
0.06850720879821506,0.997650621381392,-0.0671554102299804
0.16776382825813232,0.9858272150474321,-0.1603211625322235
0.26534420700143607,0.9641537490518715,-0.24450298875350754
0.3602733541395218,0.9328467775026393,-0.3163448251335163
0.4516027690135827,0.8922191093107481,-0.37298256436579685
0.5384199182996879,0.8426766827070494,-0.41215823851787986
0.6198573537401049,0.7847145092416188,-0.43231003708731036
0.6951013793995446,0.7189117277919802,-0.4326345714578035
0.763400181845997,0.6459258179988617,-0.41311890346813535
0.8240713420219938,0.5664860309469865,-0.3745410612158015
0.8765086537502756,0.48138610272927435,-0.31843902153198156
0.9201881807455213,0.39147632369818713,-0.24704939569864484
0.9546734916125306,0.29765504264557585,-0.16321826281478302
0.9796200205244512,0.20085969079851207,-0.07028770560402511
0.9947785100106143,0.10205741531638962,0.028037427876962128
0.999997501454809,0.002235415876107959,0.12783722483919271
0.9952248484196926,-0.0976089191006634,0.22513298231425363
0.980508237676764,-0.1964779780229999,0.3160458254861255
0.9559947127358976,-0.29338389393592906,0.39695134618962435
0.9219292046352157,-0.38735841496045836,0.464624096626432
0.8786520846710905,-0.47746257874638387,0.5163661777903413
0.8265957635207021,-0.5627960942736078,0.5501147961869333
0.7662803707374476,-0.6425063372625051,0.5645245009006533
0.6983085577883889,-0.7157968693138441,0.559020822477018
0.6233594765600381,-0.7819353956579759,0.5338231752069267
0.5421819934971355,-0.8402610820021787,0.4899361097712462
0.4555872071767602,-0.8901911573683934,0.4291092649752725
0.3644403440793836,-0.9312267369482582,0.35376761517080496
0.26965211353191365,-0.9629578067951742,0.26691479418120984
0.17216960820118432,-0.9850673205481191,0.1720133498994406
0.07296684105701483,-0.9973343672541122,0.07284670343017405
-0.026964986643379606,-0.9996363786374135,-0.02663168397032377
-0.12662738911065877,-0.9919503537612242,-0.12245592291857187
-0.22502457256340797,-0.9743530888454429,-0.21080580339860236
-0.321173384870324,-0.9470204099442306,-0.28815909447982213
-0.41411313888142204,-0.9102254161501843,-0.3514319645492621
-0.5029152112964337,-0.8643357508784786,-0.39810192394634697
-0.5866923211618256,-0.8098099284954151,-0.42630838866547555
-0.6646073952888769,-0.7471927529943893,-0.43492685596895053
-0.7358819320121875,-0.677109874494539,-0.42361373476252623
-0.799803779721059,-0.6002615379515065,-0.39282004348808686
-0.8557342524429452,-0.5174155865413349,-0.3437734294416239
-0.9031145113825497,-0.4293997896253076,-0.27842922634964284
-0.9414711486543925,-0.3370935719520303,-0.19939250138384565
-0.9704209174178612,-0.24141922673614172,-0.10981419935383223
-0.9896745611529985,-0.1433327004092922,-0.013265524480849904
-0.9990397038160119,-0.0438140411194305,0.08640443224489225
-0.9984227719971147,0.056142393586286,0.18522214417544763
-0.9878299298751105,0.15553787205351036,0.2792480609734949
-0.9673670176269574,0.2533792675171469,0.3647336660522084
-0.9372384939076985,0.3486889810958026,0.43827091810254043
-0.8977453929671646,0.440514709636615,0.4969281189454699
-0.8492823168152811,0.5279389608135286,0.538366791086874
-0.792333492489181,0.6100882204074236,0.5609349054357786
-0.727467933816768,0.6861416801713495,0.5637327424908891
-0.6553337560185866,0.7553394390752886,0.5466487613179087
-0.5766516999547955,0.816990095986019,0.5103640463345774
-0.4922079307207764,0.870477657918669,0.4563251546242511
-0.40284618254529303,0.91526769483506,0.3866864462698216
-0.30945932847707336,0.9509126794919284,0.30422419681574736
-0.2129804590923649,0.9770564589852551,0.212225915923077
-0.11437355936237124,0.9934378133123292,0.11435928473362317
-0.014623876834114966,0.9998930653956655,0.014525936996922922
0.08527192263747094,0.9963577164902719,-0.08329408675513576
0.1843157132451992,0.9828670906337812,-0.17520101086446652
0.281517882172856,0.9595559817003435,-0.2575307962959154
0.3759072174792947,0.9266573065847883,-0.32700121431100143
0.46654061212707265,0.8844997779740232,-0.38084269857002506
0.5525124871963119,0.8335046199584891,-0.4169087590022226
0.6329638401298198,0.7741813593003334,-0.4337615555911874
0.707090827602779,0.707122734410383,-0.43072922051899903
0.7741527972594932,0.6329987729018929,-0.40793264341589425
0.8334796880668731,0.5525500968961528,-0.36628065187222125
0.8844787253428512,0.46658052297099273,-0.30743377935035454
0.9266403435649919,0.3759490306913343,-0.23373806495571267
0.9595432777808053,0.2815611799692356,-0.14813152426092735
0.9828587727478738,0.18436006300862254,-0.05402701989642464
0.9963538677475579,0.0853168812397757,0.04482379851269256
0.9998937242515097,-0.014578758604421711,0.1444800607782762
0.9934429731836617,-0.11432873231172648,0.24096878620729079
0.9770660683163503,-0.21293637111782693,0.33044327380467686
0.9509266422695204,-0.30941642009113784,0.40933645810301056
0.9152858715476937,-0.40280488247435475,0.4745031168061351
0.8704998669506402,-0.49216865162149215,0.5233452608768582
0.8170161154320215,-0.5766148342909414,0.553915708161365
0.755369008957628,-0.655299672139679,0.5649957113970557
0.6861745050375176,-0.7274369722776797,0.5561435458198927
0.6101239722822175,-0.7923059626473652,0.527712119336816
0.5279772824760331,-0.8492584937398172,0.4808349032011436
0.44055521818944604,-0.8977255146903477,0.41738074409060794
0.3487312717909039,-0.9372227590466947,0.33987935908776207
0.25342291779984594,-0.9673555833993065,0.2514204838428928
0.15558244578462455,-0.9878229105278306,0.15553069456391458
0.05618744539982818,-0.9984202376652035,0.05603281455162552
-0.04376896136628907,-0.999041679821676,-0.043106489701573825
-0.14328804313852947,-0.9896810277526447,-0.13793484698728867
-0.2413754381484734,-0.9704318099993593,-0.2246717499487355
-0.33705108956853574,-0.9414863583826708,-0.2998592719789427
-0.4293590379159199,-0.903133886287031,-0.3604999238425329
-0.5173769726836634,-0.8557575989359882,-0.40417615411233054
-0.6002254477624418,-0.7998308645322312,-0.4291467293158038
-0.6770766685753429,-0.7359124845189917,-0.4344161514187961
-0.7471627631276188,-0.6646411102207731,-0.41977434519068296
-0.8097834543299055,-0.5867288616503589,-0.38580503324088355
-0.8643130569353404,-0.5029542122411212,-0.33386246484048326
-0.91020672917979,-0.4141542105977295,-0.26601742627734914
-0.9470059166606231,-0.32121611698321284,-0.1849746851415809
-0.9743429340607149,-0.2250685381077445,-0.09396515977712565
-0.9919446389386283,-0.12667214879725702,0.003382887236925987
-0.9996351608775679,-0.027010093248246686,0.10318849646562336
-0.9973376587244718,0.07292183822415033,0.201472733223845
-0.9850750883613979,0.17212515879378062,0.294317315145898
-0.9629699733379508,0.2696086616737423,0.37802082173854507
-0.9312431806564588,0.36439832392704824,0.4492462583356501
-0.8902117139419213,0.4555470385817329,0.5051540915449292
-0.8402855460465463,0.5421440778107398,0.5435154524837097
-0.7819635227365386,0.6233241926232792,0.5628009947476387
-0.7158283783901305,0.6982762581466996,0.562241864625696
-0.6425409135082404,0.7662513781181708,0.5418603528714059
-0.562833392214374,0.826570367608506,0.5024690060408382
-0.477502225713486,0.8786305392135348,0.4456382328255428
-0.3874000148145066,0.9219117249073905,0.37363369681372643
-0.29342703102493284,0.9559814733894654,0.28932599163274736
-0.19652222133542518,0.9804993709948978,0.1960761994397994
-0.09765382657195724,0.9952204429953467,0.0976018951829056
0.0021902929465542308,0.9999976013055273,-0.0021710613808617932
0.10201252778197246,0.9947831141387213,-0.0992650373250906
0.20081548716063755,0.9796290829270208,-0.18980920222661649
0.2976119645723818,0.954686921741032,-0.2701938459594757
0.3914348016115412,0.92020584441055,-0.33721428644642903
0.48134655150414096,0.8765303744623294,-0.38819863022050416
0.5664488457661391,0.8240969027548938,-0.4211142923858328
0.645891370404324,0.7634293272053573,-0.4346490293632527
0.7188803619727405,0.6951338181745594,-0.42826325390081027
0.7846865385945695,0.6198927618132617,-0.4022115467147151
0.8426523867056462,0.5384579418852302,-0.3575325071595611
0.8921987307126134,0.4516430281924007,-0.29600734754953983
0.932830519923983,0.36031544665522125,-0.22008888184445147
0.9641417749330504,0.26538771227950086,-0.1328037396973645
0.985819644029881,0.1678083116082116,-0.03763170428151358
0.9976475291122152,0.06855222575738619,0.06163301568380855
0.9995072498620889,-0.031388811272868106,0.16103304906153687
0.9913802245645108,-0.13101622167663127,0.25660563019581784
0.9733476557698145,-0.22933456130162044,0.3445405818735743
0.9455897189446271,-0.3253614657979971,0.4213322150661761
0.9083837622181499,-0.4181374660783219,0.48391908968825953
0.8621015352113324,-0.5067355750154747,0.5298060645529515
0.8072054746375698,-0.5902705495915713,0.557163770777107
0.7442440837878744,-0.6679077359536625,0.5649015429458105
0.6738464520673656,-0.7388714089990379,0.5527109005006459
0.5967159693418229,-0.8024525231641113,0.5210778458861074
0.51362329789868,-0.8580157969732748,0.4712634891657921
0.4253986722442347,-0.9050060605613877,0.4052537715438597
0.3329236036748176,-0.942953802747607,0.325680292156169
0.23712207250740683,-0.9714798622358531,0.2357153945172942
0.13895129597362427,-0.990299216069189,0.13894569519542088
0.039392164021678944,-0.999223827484958,0.03922909672809396
-0.06056056141185274,-0.9981645247159815,-0.059459014777731065
-0.15990818573443136,-0.9871318919653658,-0.15318425574467498
-0.257658060323756,-0.9662361636526547,-0.23821009658246073
-0.3528335007447703,-0.9356861229879335,-0.3111468253314659
-0.44448354545757846,-0.8957870158790319,-0.36908668478160467
-0.5316924575109007,-0.8469375010152869,-0.409719795576411
-0.6135888742829453,-0.7896256666017056,-0.431426243813694
-0.6893545138486588,-0.7244241535429912,-0.43334066190088527
-0.7582323509823128,-0.651984433804853,-0.4153867280301451
-0.8195341811032342,-0.5730303011215474,-0.3782802088879899
-0.872647496588556,-0.4883506390880697,-0.3235004242962239
-0.9170416067468825,-0.39879153889607055,-0.25323127139890267
-0.9522729403042408,-0.3052478454703912,-0.17027415957492728
-0.9779894774216663,-0.20865421647428065,-0.07793632708639199
-0.9939342669610315,-0.10997578351908681,0.020101008074240118
-0.9999479938559098,-0.010198508888131144,0.11992940672882886
-0.9959705709350404,0.08968066587247005,0.21756902564975877
-0.9820417392934885,0.18866378106414622,0.30912728135026024
-0.9583006712127528,0.2857618301193978,0.3909540351043632
-0.924984579597349,0.38000464142838497,0.45978711245912246
-0.88242634782186,0.470450571973054,0.5128823558357528
-0.8310512036702974,0.5561959159128641,0.5481230254325613
-0.7713724706006734,0.6363839341147868,0.5641041869610773
-0.7039864387866362,0.7102134144076059,0.5601887219426347
-0.6295664071832304,0.7769466770289959,0.5365327276115555
-0.5488559561462363,0.8359169452779389,0.49407929381101356
-0.4626615178230747,0.8865350077270772,0.4345209049770696
-0.3718443185494018,0.9282951054285113,0.3602319661251848
-0.27731177376015986,0.9607799852900736,0.27417414281506064
-0.18000842139460482,0.9836650691302514,0.17977828889092987
-0.08090648438534814,0.9967216967561223,0.08080766916539314
0.019003843471773026,0.9998194106603954,-0.0187920700729579
0.11872429120674556,0.9929272595097064,-0.11505020152581494
0.21725848506902723,0.9761141074001088,-0.20412921725227842
0.3136219039645923,0.9495479457897974,-0.282477818000399
0.4068517164653618,0.9134942149839751,-0.3469724923016697
0.4960164011025191,0.8683131519430677,-0.39504204101641865
0.5802250538210707,0.8144561909141189,-0.4247700829296083
0.6586362895987563,0.7524614528489704,-0.43497145482242905
0.7304666492869715,0.6829483686776509,-0.4252394601898019
0.7949984276756835,0.6066114901592212,-0.39596208294664764
0.8515868445666097,0.5242135501502082,-0.34830651973353605
0.8996664872038036,0.43657784163006746,-0.2841726474699612
0.9387569596910647,0.3445799916297938,-0.20611728125691664
0.9684676829488814,0.24913921225616986,-0.1172522422273865
0.9885017972515274,0.15120911622815683,-0.02112029905762048
0.998659128351289,0.05176818869386648,0.07844607104010666
0.9988381875533817,-0.04818998946955084,0.1774774710898208
0.9890371857574476,-0.14766666918769517,0.27202583168322164
0.9693540513336537,-0.2456679123594131,0.35832180804802927
0.9399854516547829,-0.34121452295785115,0.4329250519292941
0.9012248280608517,-0.43335183083343304,0.49286136741762765
0.8534594638902631,-0.5211592304623844,0.5357412827544742
0.7971666148726658,-0.6037593793329051,0.5598553110307634
0.7329087405475179,-0.6803269640614364,0.5642421020353293
0.6613278843542394,-0.7500969466512617,0.5487267682541443
0.5831392585464168,-0.8123722084992416,0.5139278570835911
0.49912409802742047,-0.8665305157744383,0.4612326912977346
0.41012185450941285,-0.9120307365729293,0.3927420608672309
0.3170218089894208,-0.9484182477288567,0.3111864710926804
0.22075418634748428,-0.9753294772588698,0.2198172859748395
0.12228086084718204,-0.992495537053176,0.12227710659220493
0.02258574540598729,-0.9997449095166506,0.022454552090954014
-0.07733503933746341,-0.9970051613159648,-0.07567076728926264
-0.1764831179314053,-0.9843036671095001,-0.16818690471707998
-0.2738678355485394,-0.9617673360288123,-0.2514055337448198
-0.3685161562815564,-0.9296213436445333,-0.32200899024472535
-0.45948238539624037,-0.888186882086524,-0.37718253720821665
-0.5458576184007407,-0.8378779507982481,-0.4147265794280704
-0.6267788225187076,-0.7791972199912307,-0.4331443544180467
-0.7014374598276013,-0.7127310081304182,-0.4317016036099521
-0.7690875659023045,-0.6391434236339043,-0.41045584492563725
-0.8290532032450517,-0.5591697293211776,-0.3702540797189833
-0.8807352150295353,-0.47360899590999966,-0.31269902550476214
-0.9236172116777921,-0.383316117966021,-0.24008522066903437
-0.9572707304542241,-0.2891932720787887,-0.15530754846448122
-0.9813595165235941,-0.1921809026115177,-0.06174582715046894
-0.9956428826981844,-0.09324832509192658,0.036869932695271786
-0.9999781143046353,0.006615958868199008,0.13660823192774446
-0.9943218951417713,0.10641413835424465,0.23349281929892637
-0.9787307402817714,0.2051490629456922,0.32366121204733844
-0.9533604313902421,0.30183420591346444,0.4035186808969298
-0.9184644602073252,0.39550352126885907,0.46988156056946073
-0.8743914957419963,0.4852210961758305,0.5201041724725826
-0.8215819004866203,0.5700905022825702,0.5521842995563204
-0.760563330460452,0.6492637525373686,0.5648430083885495
-0.6919454630451249,0.7219497739948865,0.557575636194992
-0.6164139052898211,0.7874223119555043,0.5306719101714878
-0.5347233435521968,0.8450271864622815,0.48520439697497003
-0.4476900029218477,0.89418882865077,0.42298574287556123
-0.3561834917689437,0.9344160316429094,0.34649640926988257
-0.26111811290487985,0.9653068585237518,0.25878578451272893
-0.16344372817085637,0.9865526583622444,0.1633506144263102
-0.06413626773224912,0.9979411501493348,0.06399559807885101
0.03581202109289325,0.9993585438396182,-0.03531829356073244
0.13540248804115576,0.9907906773038716,-0.13063172903589254
0.2336400580870368,0.9723231578323567,-0.21814486245318554
0.32954317390363347,0.9441405067750878,-0.2943688213469018
0.42215360325908863,0.9065243158654752,-0.3562647970145817
0.5105460133561943,0.8598504336488391,-0.40136519223038397
0.5938372164519198,0.8045852101279489,-0.4278719965595916
0.6711949943773544,0.7412808371479619,-0.43472846736065707
0.7418464137865269,0.6705698310780683,-0.42166125877958466
0.8050855490509752,0.5931587129169477,-0.389191319186537
0.8602805356351977,0.5098209489685741,-0.33861312260827825
0.9068798834782913,0.421389222622507,-0.27194306213365116
0.9444179873003091,0.3287471144567405,-0.1918390626842246
0.9725197787762981,0.23282027379268358,-0.10149461793528168
0.9909044740950556,0.13456716991302678,-0.004511475800556001
0.9993883794581233,0.03496951535360533,0.09524395189101671
0.9978867264875234,-0.06497754304384437,0.1937947310338431
0.9864145192033551,-0.16427536730993414,0.28721195305847924
0.9650863841085976,-0.26193180640806585,0.37177136811786804
0.9341154248789675,-0.3569711094797254,0.4441018591762801
0.893811093101458,-0.4484436752244107,0.5013198378072597
0.8445760963363456,-0.5354355400020249,0.5411442037645744
0.7869023743963721,-0.6170775098554084,0.5619872852505615
0.7213661840467805,-0.6925538452090106,0.5630181343805165
0.648622341238141,-0.761110411469159,0.5441956544526604
0.5693976784019006,-0.8220622140875505,0.5062702383439522
0.48448378218091737,-0.8748002428004198,0.45075385271407337
0.3947290841574159,-0.918797556657748,0.37985976066599003
0.301030383605114,-0.9536145490430387,0.2964142859304348
0.2043238869672312,-0.9789033400773552,0.20374413625766807
0.1055758535912829,-0.9944112525200386,0.10554377807760093
0.005772941184987927,-0.9999833364362002,0.005728149781709467
-0.09408765254136094,-0.9955639174052343,-0.09172341451629286
-0.19300815354474535,-0.9811971528012339,-0.18292582847401195
-0.2900001808779376,-0.9570265905870973,-0.2642431396528389
-0.38409462226509866,-0.9232937350307491,-0.33243348346766577
-0.47435131715138906,-0.8803356336743062,-0.3847783260976814
-0.5598684504764135,-0.8285815096664538,-0.4191908438509341
-0.6397915633121701,-0.7685484731066541,-0.4342991182395713
-0.7133220903342952,-0.7008363542519122,-0.42950083004063905
-0.7797253388227234,-0.6261217102111929,-0.4049872718627563
-0.8383378294685653,-0.5451510650103646,-0.36173572191346953
-0.8885739256400075,-0.4587334505709241,-0.3014704830010886
-0.9299316848699363,-0.3677323231305096,-0.22659414002310793
-0.9619978740991956,-0.27305693587350643,-0.14009177648807508
-0.9844520985646704,-0.17565325397389137,-0.04541196865616254
-0.9970700030778868,-0.07649450282381542,0.053670698313794424
-0.9997255137078731,0.02342855611276938,0.15320611116315458
-0.9923920974702088,0.12311752466111225,0.24922610708374504
-0.9751430274358335,0.2215763436002981,0.33790267184685757
-0.9481506506107509,0.3178212449576172,0.4157005506504441
-0.9116846659017022,0.41089058149305596,0.4795181875720228
-0.8661094293738409,0.49985443516059713,0.5268113748157349
-0.8118803137253964,0.5838239085419096,0.5556946822484431
-0.7495391583541499,0.6619600064156087,0.5650166235493604
-0.6797088554773425,0.7334820187200781,0.5544055623359038
-0.6030871263984818,0.7976753211504175,0.5242845281335162
-0.5204395501067353,0.8538985154482346,0.4758543515234188
-0.43259191386477686,0.9015898380410071,0.4110457908168095
-0.3404219622153437,0.9402727729980567,0.3324425588138032
-0.24485062684800776,0.9695608132201599,0.24317831832753933
-0.14683282495406322,0.9891613222907624,0.14681175293659443
-0.047347918009642484,0.9988784584022984,0.04718469350080849
0.05261007368037566,0.9986151311427969,-0.05173104351145225
0.15204240290477183,0.9883739715911903,-0.14599199981219493
0.24995557469786586,0.9682573060284438,-0.23184028853133132
0.34537127301290693,0.9384661335271742,-0.3058534093075846
0.4373361357325805,0.8992981176353556,-0.3650806925775218
0.5249312803481075,0.8511446122205654,-0.40716093345965443
0.6072814851296195,0.7944867511914617,-0.43041652554190263
0.6835639340522749,0.729890641166865,-0.4339203417552051
0.7530164381020756,0.658001705125498,-0.41753269600407367
0.81494505081651,0.5795382335529519,-0.3819069120103929
0.8687310019681957,0.4952842075206262,-0.32846327735833825
0.9138368801125117,0.406081465405934,-0.2593324211103306
0.9498120022250485,0.3128212915216043,-0.1772703723499653
0.9762969167774587,0.21643551069736208,-0.085548685999539
0.9930269952582852,0.11788717779428577,0.012175983750690199
0.9998350762535717,0.018160955179022976,0.11200766270578197
0.9966531356684675,-0.08174672569718912,0.20996637686290492
0.98351296640149,-0.18083762031209566,0.3021468214151857
0.9605458606803927,-0.2781216452018137,0.38487405293055343
0.9279812982336199,-0.37262677054748156,0.45484999774937523
0.8861446534047355,-0.4634087323758598,0.5092849357735685
0.8354539441195019,-0.5495604673329116,0.5460087178035038
0.7764156551889908,-0.6302211757608992,0.5635572825382335
0.7096196776807255,-0.704584922524108,0.5612310240794884
0.635733414922143,-0.7719086896462757,0.5391226830110815
0.5554951140271966,-0.8315198003005773,0.49811364912451145
0.4697064895751501,-0.882822639974185,0.4398388231893346
0.3792247131436036,-0.9253046076515298,0.3666214386187553
0.28495384873335056,-0.9585412375542592,0.2813804414847772
0.18783581965975926,-0.9822004402629569,0.18751412134959625
0.08884099716640838,-0.9960458208448436,0.08876463218472608
-0.011041495203714127,-0.9999390408338232,-0.010931195498890392
-0.11081366460358004,-0.9938412004626923,-0.10759880365985668
-0.2094786204968545,-0.9778132273367623,-0.19738435981308744
-0.30605053525856385,-0.9520152676653597,-0.276708397169471
-0.39956449423881263,-0.9167050861338568,-0.34240851668106137
-0.48908613687110153,-0.8722354904041122,-0.3918654619116659
-0.5737209924941442,-0.8190508059769761,-0.42310754052534244
-0.6526234176071319,-0.7576824366387194,-0.4348892294378521
-0.7250050452600199,-0.6887435548500737,-0.4267408298915201
-0.7901426621554649,-0.6129229751297262,-0.3989871928624993
-0.8473854347570994,-0.5309782716472696,-0.35273476827746264
-0.8961614122030167,-0.44372820879260627,-0.28982749434666255
-0.9359832410497804,-0.3520445603527324,-0.212773285566332
-0.9664530347469039,-0.2568433990362605,-0.1246440500819123
-0.9872663491877316,-0.15907594337777173,-0.028953222404307203
-0.9982152246143436,-0.05971905347655401,0.07048430613687237
-0.9991902634826912,0.04023452946649283,0.16970427507192887
-0.9901817235267092,0.1397861022908777,0.26475109734615393
-0.9712796150998068,0.23794097858832813,0.35183555609307837
-0.9426728018211847,0.3337184272805406,0.42748586875333927
-0.9046471135129596,0.4261614717600247,0.4886860960895591
-0.8575824902830967,0.5143464516839232,0.5329963781663115
-0.8019491862894079,0.5973922518829288,0.5586502038663871
-0.7383030711154632,0.6744691061727551,0.5646248361144518
-0.6672800757054902,0.7448068881035375,0.5506820851768159
-0.5895898383525242,0.8077028058088225,0.5173778045344644
-0.5060086142272401,0.8625284240695075,0.46603973075888183
-0.4173715192928075,0.9087359434308812,0.3987145508448371
-0.3245641861022697,0.9458636736336644,0.31808630725859965
-0.2285139148508671,0.9735406466704565,0.2273693936348392
-0.13018040809891823,0.9914903233754725,0.13018040704593484
-0.03054618174118064,0.9995333565124451,0.030393965689630705
0.06939325196728957,0.9975893827529463,-0.06801175991153631
0.1686393312404761,0.985677825640186,-0.16111364401508532
0.26620042206064526,0.9639177015154013,-0.24520000830176675
0.36110172625775844,0.9325264303459001,-0.3169185947773606
0.4523950213704516,0.8918176633366423,-0.37341020972015215
0.5391681349715238,0.8421981490310512,-0.4124227107119834
0.6205540587932621,0.7841636692140287,-0.4324007924493776
0.6957396115874263,0.7182940852242745,-0.43254799185794185
0.7639735641635577,0.645247544171406,-0.41285844056177146
0.8245741454226424,0.5657539029476677,-0.37411709883707794
0.8769358543886386,0.4806074357390534,-0.3178684617230499
0.9205355101740437,0.3906588979002182,-0.24635498487857338
0.9549374794303674,0.29680702548823973,-0.1624276849516314
0.9797980290525895,0.19998955538892757,-0.06943247854237768
0.9948687606466828,0.10117385575994081,0.028923208932968788
0.9999990924442849,0.0013472604078311366,0.12871824659409914
0.995137763865935,-0.09849279632494265,0.2259741212109303
0.9803333476998477,-0.19734874559421337,0.316813547971122
0.955733764778661,-0.2942328514323426,0.3976150455901583
0.9215848060033895,-0.3881770798793959,0.4651573133418165
0.8782276764819678,-0.47824277125857756,0.5167476541528015
0.8260955863206043,-0.5635300189533979,0.5503293239377182
0.7657094221316283,-0.6431866609770821,0.5645635274953194
0.697672542506587,-0.7164167944935369,0.5588827920483943
0.6226647494567106,-0.7824887282153091,0.5335135905926162
0.5414354960558645,-0.8407422932211391,0.48946731313288266
0.45479639815319595,-0.8905954391455638,0.42849994575543726
0.3636131249758947,-0.9315500498337512,0.35304206500398233
0.26879674964833994,-0.9631969203535109,0.266101938462945
0.17129464605070477,-0.9852198456356651,0.17114559462210635
0.07208102297221296,-0.9973987798906109,0.07195864325831752
-0.027852809861012972,-0.9996120352330929,-0.027504644880086575
-0.12750834662500837,-0.9918374975473334,-0.12327898236955616
-0.22588986213819626,-0.9741528474439659,-0.2115461486078117
